pathway_name,sage_value,sage_value_sd
Amino Acid,0.01828018985912724,0.0009491096027288042
Carbohydrate,0.003533869757336125,0.0004599322714864758
Cofactors and Vitamins,0.005282124082036918,0.0004888232714822289
Energy,0.00031897433677781096,0.000108805222192317
Lipid,0.028875760042929067,0.0013190303662754894
Nucleotide,0.0004779515988738036,7.72410629050838e-05
Peptide,0.0025395097980850543,0.00024927916583551273
Unknown,0.006365422557742725,0.00041483680078733187
Xenobiotics,0.0016132986120371254,0.0003069049919273699
