pathway_name,sage_value,sage_value_sd
Amino Acid,6.920087252611263,0.2665996896864321
Carbohydrate,0.30277232610045957,0.027445473489123365
Cofactors and Vitamins,0.17004258260411173,0.022235742860157063
Energy,0.1284802560927727,0.011462184094826062
Lipid,5.409390395097426,0.29885293974112137
Nucleotide,0.6092793523349361,0.03571286476669638
Peptide,1.1738380693930484,0.07252119274290858
Unknown,2.2443725516761908,0.11984144426029833
Xenobiotics,0.37417981793164573,0.036601858705937344
