pathway_name,sage_value,sage_value_sd
Amino Acid,1.0182991745420473,0.08400355513454996
Carbohydrate,0.04983984342110529,0.018476835104487895
Cofactors and Vitamins,0.17449805014431066,0.03512097855251585
Energy,0.2804491371230247,0.01814098813458943
Lipid,4.241335219623627,0.1966622036470011
Nucleotide,0.41045613679606463,0.025050980718440807
Peptide,0.043756412075510454,0.005611605242239941
Unknown,0.9974051967284351,0.07831102659139376
Xenobiotics,0.7762132661625891,0.0516079294500982
