pathway_name,sage_value,sage_value_sd
Amino Acid,0.9703238934526035,0.0485052556813656
Carbohydrate,0.14236932199062513,0.016256986128073914
Cofactors and Vitamins,0.11036772185863225,0.010861392000339552
Energy,0.08403754390069848,0.010009506132084544
Lipid,1.4572080486084573,0.06265976921412755
Nucleotide,0.06369549066523844,0.007529910338072415
Peptide,0.20922837541899983,0.019771825425810814
Unknown,0.16442569009908145,0.027269796870065234
Xenobiotics,0.021285612598987452,0.01690541399668467
