pathway_name,sage_value,sage_value_sd
Amino Acid,2.0258938098517585,0.09144763372011837
Carbohydrate,0.2037084857101231,0.014092678575431327
Cofactors and Vitamins,0.37177177108948595,0.022498683590115195
Energy,0.09559609379652977,0.007883677456087316
Lipid,2.2563576041043856,0.1041766882259758
Nucleotide,0.07233395862908096,0.008260654347824588
Peptide,0.5963937945559666,0.03485629578719748
Unknown,0.6745778737412504,0.02990305337888266
Xenobiotics,0.5858801967590146,0.030651270690220257
