pathway_name,sage_value,sage_value_sd
Amino Acid,2.6568162615998667,0.160258671897512
Carbohydrate,0.04528985217615217,0.006943382829102194
Cofactors and Vitamins,0.20526170798050944,0.018946075725225428
Energy,0.076777370378193,0.016599575329815403
Lipid,4.040889778755747,0.19435010198290217
Nucleotide,0.09394162358596492,0.012567437229459471
Peptide,0.03686375797755898,0.005611304591225478
Unknown,0.7822702692286153,0.052750189130852464
Xenobiotics,0.25382325361146196,0.030192600466765585
