pathway_name,sage_value,sage_value_sd
Amino Acid,6.654688438354782,0.30317664682504014
Carbohydrate,-0.05818140112682972,0.00989684350771313
Cofactors and Vitamins,0.49292548178984563,0.036738408467850384
Energy,0.6659376258361471,0.03582494104033455
Lipid,7.03774239923631,0.32782338139769074
Nucleotide,0.5200735978116322,0.02792475950673186
Peptide,0.13666856087632573,0.009962922499734357
Unknown,1.4607805383746961,0.0984236587426701
Xenobiotics,0.0030510765793344283,0.04840840915244534
