pathway_name,sage_value,sage_value_sd
Amino Acid,1.402104651433913,0.07515028397381522
Carbohydrate,0.3120429081380041,0.029975643302788152
Cofactors and Vitamins,0.1266693670619277,0.0116207097187253
Energy,0.010253857078563647,0.0019090238691719704
Lipid,1.556136635669088,0.06303620747068894
Nucleotide,0.11092308414459413,0.009892596833094746
Peptide,0.10853651139580263,0.010539156741436797
Unknown,0.9873980549497696,0.03721775082887909
Xenobiotics,0.6262474913524221,0.034582146355665845
