pathway_name,sage_value,sage_value_sd
Amino Acid,8.822418284160063,0.4930099946836872
Carbohydrate,0.14151968209674784,0.027891347800119686
Cofactors and Vitamins,0.2663700328439321,0.02629887371675118
Energy,0.28782530085279456,0.021608204457124598
Lipid,30.371333722168266,1.182900917906215
Nucleotide,0.4682705615900625,0.0357418248362919
Peptide,1.5478863756257257,0.1058276630470757
Unknown,4.028236234970382,0.20858257413102527
Xenobiotics,0.5668385065248142,0.06980069413709797
