pathway_name,sage_value,sage_value_sd
Amino Acid,1.221613262394221,0.08454005995680688
Carbohydrate,0.15224818038477494,0.023490767639017137
Cofactors and Vitamins,0.016650703135198175,0.0056265078669317055
Energy,0.023909272716263096,0.010038229985195995
Lipid,3.069981082835085,0.14649618558020921
Nucleotide,0.09762916660534457,0.008276722644807492
Peptide,-0.001650804646386405,0.013485593581483334
Unknown,0.25671802628197116,0.02255093232608577
Xenobiotics,0.33605439236717083,0.02673244165446199
