pathway_name,sage_value,sage_value_sd
Amino Acid,2.405886443321327,0.13063433842126929
Carbohydrate,0.3044590778662208,0.028897127270908502
Cofactors and Vitamins,0.09494858421831767,0.010854305405518204
Energy,0.09529257108839795,0.011436316162139111
Lipid,4.019739922113638,0.18375216857420723
Nucleotide,0.3330625650179988,0.034313700867312016
Peptide,0.013894084992944705,0.009041192268501126
Unknown,0.5499740040315738,0.035708414405518606
Xenobiotics,0.4276684736310042,0.057624601221869215
