pathway_name,sage_value,sage_value_sd
Amino Acid,8.056942439291948,0.4701156017628533
Carbohydrate,0.1561492490651616,0.029291343625524668
Cofactors and Vitamins,0.19027865177536013,0.028577159253395792
Energy,0.18723410092605786,0.017748176084470043
Lipid,28.034491889945315,1.1406785408448938
Nucleotide,0.23842069515321349,0.026876705823685315
Peptide,1.1924440340338305,0.0949614795267492
Unknown,3.0964291981470122,0.17249902445451495
Xenobiotics,0.5563129989973998,0.06694434462757617
