pathway_name,sage_value,sage_value_sd
Amino Acid,2.802308301929689,0.21456316247939786
Carbohydrate,0.2696223607105777,0.02764844807944731
Cofactors and Vitamins,0.2386907230136301,0.03395033286601994
Energy,0.13285328941580077,0.015657258793971927
Lipid,8.532291732237567,0.42284762360889255
Nucleotide,0.37047890421948615,0.05085286495798969
Peptide,0.22949469897191477,0.059845384816721595
Unknown,1.5265828786662192,0.13865641065593712
Xenobiotics,1.0332930453286875,0.1019208862713367
