pathway_name,sage_value,sage_value_sd
Amino Acid,0.3293619722057789,0.01797922012656035
Carbohydrate,0.043887753162902804,0.0053606292659077424
Cofactors and Vitamins,0.03746149904351843,0.006346215176605149
Energy,0.07869684259987886,0.015047089046902188
Lipid,0.6535599386991899,0.032247833040528445
Nucleotide,0.031859269399362455,0.004647876299550198
Peptide,0.02790032961718872,0.006924700491524571
Unknown,0.20027224218471495,0.012869958652557863
Xenobiotics,0.10963609977388958,0.009408001645339363
