pathway_name,sage_value,sage_value_sd
Amino Acid,0.6748847889545336,0.017340456471317385
Carbohydrate,0.025011755071211693,0.0022261084174553312
Cofactors and Vitamins,0.08597375181240026,0.0036285360140039897
Energy,0.03276658541809059,0.004054260152922207
Lipid,0.49873783427670504,0.03273397947682871
Nucleotide,0.033778377705709586,0.001822385831160163
Peptide,0.07318414664858083,0.0026243923436401373
Unknown,0.19407121238578004,0.00582125927333151
Xenobiotics,0.027086381968646964,0.003072221155025385
