pathway_name,sage_value,sage_value_sd
Amino Acid,0.33814464761825036,0.022605199513452977
Carbohydrate,0.06388504739856475,0.010146687394300628
Cofactors and Vitamins,0.040756125982110876,0.006947922605414066
Energy,0.00881724426916819,0.003671382349540571
Lipid,0.634146977925031,0.03147054656009733
Nucleotide,0.02775015717151219,0.004312961327565389
Peptide,0.018396466944311,0.003755457619514117
Unknown,0.18413600964250895,0.012650433677757754
Xenobiotics,0.025457609034781708,0.004827140100420437
