pathway_name,sage_value,sage_value_sd
Amino Acid,0.20814543909252003,0.015239029696185862
Carbohydrate,0.11336030417325924,0.014925512627484167
Cofactors and Vitamins,0.022545392335089565,0.004893585460733191
Energy,0.047862299796038156,0.008588530361740856
Lipid,0.4304153189889277,0.021003593021969667
Nucleotide,0.05143182759387805,0.004784386831167689
Peptide,0.0019100489596404202,0.003589025894091181
Unknown,0.3248337772654821,0.01666006123099223
Xenobiotics,0.24502649282346692,0.015660545214897067
