pathway_name,sage_value,sage_value_sd
Amino Acid,0.3533221636309764,0.016446253419368343
Carbohydrate,0.22390131388056084,0.02009052805986931
Cofactors and Vitamins,0.13387148541252067,0.012367212892180922
Energy,0.006729569391387574,0.0022930228215721072
Lipid,0.5590871212129598,0.026869319139430487
Nucleotide,0.0210516487496534,0.0027649666128574516
Peptide,0.050050005397928095,0.0051900668458445395
Unknown,0.1614154118360728,0.010124311797848114
Xenobiotics,0.07501664746750134,0.006514649012031301
