pathway_name,sage_value,sage_value_sd
Amino Acid,0.5781729400136928,0.026174449156704284
Carbohydrate,0.07769092031452711,0.009861737424193518
Cofactors and Vitamins,0.0206597477930911,0.0037071830402168496
Energy,0.03326496494564124,0.0036696155975487242
Lipid,0.6804313996416012,0.03231169876410071
Nucleotide,0.03623633843763652,0.004089971324565401
Peptide,0.01347853028705795,0.003105000950539221
Unknown,0.09229858265417279,0.007989737548413858
Xenobiotics,0.08295335444163746,0.007426031660626988
