pathway_name,sage_value,sage_value_sd
Amino Acid,0.49721639107818005,0.022919999175047605
Carbohydrate,0.1273554182003278,0.013965420187900337
Cofactors and Vitamins,0.036347572164672236,0.00459453654506792
Energy,0.01157413012868358,0.003232549803013078
Lipid,0.511531812554507,0.025271759571128767
Nucleotide,0.02064752307812287,0.004999251990498559
Peptide,0.025581663287334355,0.004649847768009218
Unknown,0.40383014750394874,0.024024913406285948
Xenobiotics,0.16277038643441558,0.012974389435579064
