pathway_name,sage_value,sage_value_sd
Amino Acid,0.3853977959442856,0.02080956425646698
Carbohydrate,0.09150846186247974,0.008497913024107623
Cofactors and Vitamins,0.030032737149883193,0.0036263519163317777
Energy,0.01818415842236997,0.004694205819133752
Lipid,0.56463672517242,0.027000911328553888
Nucleotide,0.01360658361347089,0.0027861146281033256
Peptide,0.010594202538089119,0.0025981125924901573
Unknown,0.19145315448535882,0.013014871799735594
Xenobiotics,0.1452887176739024,0.012869391105436367
