pathway_name,sage_value,sage_value_sd
Amino Acid,0.34677854879167963,0.018179065381187496
Carbohydrate,0.14098459007872838,0.01637388416533004
Cofactors and Vitamins,0.05747842678945672,0.007581403941117983
Energy,0.016196758956281032,0.003651097585249976
Lipid,0.7215371104945398,0.0342903609189132
Nucleotide,0.05110439625059625,0.00736945316600258
Peptide,0.02484389375189647,0.005183068175101267
Unknown,0.10362154034381832,0.010042102735772811
Xenobiotics,0.08303451656031133,0.008107283653647199
