pathway_name,sage_value,sage_value_sd
Amino Acid,0.1603752475459712,0.018286482721645292
Carbohydrate,0.021223277782958266,0.004295637133034895
Cofactors and Vitamins,0.09436105881876208,0.006738643195935399
Energy,0.01837587761412763,0.002787745068821441
Lipid,0.9904945846826329,0.04900554245048002
Nucleotide,0.021568854933055496,0.0028449129024792977
Peptide,0.021681551276327066,0.0029553291349336515
Unknown,0.1846532336158544,0.00995271001710506
Xenobiotics,0.2239394616369057,0.011967899061288057
