pathway_name,sage_value,sage_value_sd
Amino Acid,0.35306447732938534,0.013969625403937988
Carbohydrate,0.021897600156878166,0.003143224410649868
Cofactors and Vitamins,0.02107603878764551,0.0021999260164122657
Energy,0.0245043622768568,0.0025438166987806943
Lipid,0.418738987526881,0.02028028956154945
Nucleotide,0.01947833037131901,0.0023382509946651515
Peptide,0.06457048365290408,0.00428452900398594
Unknown,0.1793022434115543,0.007607913814043411
Xenobiotics,0.24279375897824867,0.012612076482999005
