pathway_name,sage_value,sage_value_sd
Amino Acid,0.47286454812717266,0.022262335700051355
Carbohydrate,0.022668180531524817,0.0033639292558856368
Cofactors and Vitamins,0.03199373349697332,0.005076705178325445
Energy,0.01502277081710628,0.0029734081939765717
Lipid,0.7922463694058921,0.036658243545849026
Nucleotide,0.02092632558543986,0.0027603732718888578
Peptide,0.008530161611110365,0.002510806456355436
Unknown,0.09734996020152706,0.0077422222970530445
Xenobiotics,0.28775706478310037,0.015156976900391604
