pathway_name,sage_value,sage_value_sd
Amino Acid,0.6658542394220293,0.03279983588590832
Carbohydrate,0.07450120129843041,0.009796238258282276
Cofactors and Vitamins,0.07929614379918487,0.007449688543338914
Energy,0.01816784422130749,0.003477314610685882
Lipid,0.34580988226572695,0.021798723181812783
Nucleotide,0.011452077828213308,0.003146865314673868
Peptide,0.1112079546343252,0.009753805537777568
Unknown,0.1503205475396885,0.011652233922956654
Xenobiotics,0.031245864048924488,0.005945613403298682
