pathway_name,sage_value,sage_value_sd
Amino Acid,0.3130931816399006,0.01792263528169842
Carbohydrate,0.030256856286680737,0.00558677571695901
Cofactors and Vitamins,0.05466103851791968,0.005443460573438898
Energy,0.013023710060529924,0.0071365893831758665
Lipid,0.9934858829208887,0.04626068733169118
Nucleotide,0.04605673550512048,0.004684072933049931
Peptide,0.020020197785991397,0.004187634966417844
Unknown,0.10062844692580304,0.009709667656248352
Xenobiotics,0.050554826415468435,0.007856954218953207
