pathway_name,sage_value,sage_value_sd
Amino Acid,0.5750362223000235,0.02406529599419207
Carbohydrate,0.05007590979792626,0.006747968132947427
Cofactors and Vitamins,0.020625978472888773,0.005319465067831657
Energy,0.014954129498633426,0.0033870084845150175
Lipid,0.6927952320939161,0.0342218520326975
Nucleotide,0.05894942091638444,0.004233101066030846
Peptide,0.014464145616974311,0.004977899379695876
Unknown,0.10301428008217936,0.006034519978427519
Xenobiotics,0.08808804615006734,0.006287193171648428
