pathway_name,sage_value,sage_value_sd
Amino Acid,0.21898645037650466,0.014280476304416152
Carbohydrate,0.03705282319402517,0.005072452247572265
Cofactors and Vitamins,0.09683506466373865,0.0085451920409314
Energy,0.022000819002633065,0.0052058011241027
Lipid,0.7859506796844575,0.038042504721475606
Nucleotide,0.012926216556423203,0.002779408203968422
Peptide,0.004494686302189049,0.0027097658508319425
Unknown,0.2169609191450993,0.012596126844583604
Xenobiotics,0.03972562428068094,0.006772756834066862
