pathway_name,sage_value,sage_value_sd
Amino Acid,0.40557607757121145,0.016578279115637716
Carbohydrate,0.060810655529957396,0.0070043281615260935
Cofactors and Vitamins,0.019405878860153374,0.0033000816197273765
Energy,0.0379686985251131,0.005778613296897412
Lipid,0.5785786582444085,0.02673663500098464
Nucleotide,0.029693291276858824,0.0034612558841666495
Peptide,0.1335387692952623,0.00899256773356116
Unknown,0.10370047186643065,0.01089733389342489
Xenobiotics,0.12031323714688773,0.011485739294950902
