pathway_name,sage_value,sage_value_sd
Amino Acid,0.3210775047120231,0.017667684009815738
Carbohydrate,0.027869451419102086,0.005496108371126131
Cofactors and Vitamins,0.06314204423053749,0.011944467358195491
Energy,0.03500187451099091,0.011987478959068347
Lipid,0.7466004883950859,0.032797391116020695
Nucleotide,0.029911877514795248,0.004103574399653233
Peptide,0.011948047543485463,0.002614993871653806
Unknown,0.23855381224075053,0.01559104740700744
Xenobiotics,0.049978283690791186,0.006401829085613577
